MAE,MSE,RMSE,R2,Train size,Test size
1988.819388073451,7847808.876948281,2801.394095258338,0.3453259185222476,15004,3752
